URL HEADERS,BODY
,,C,61
,,[,13
,8,7
,,",",69
,,3,11
,,x,22
,,N,22
,,,a,736
,,I,85
,,,w,166
,,A,48
,,M,41
,J,3
,,,|,352
,,,,t,1019
,,,o,795
,,O,72
,Y,9
,z,1
,,/,17
,,,m,300
,',2
,,,r,717
,,,"
",611
,,,b,136
,V,5
,,,g,192
,,q,24
,,2,14
,,,+,125
,,,p,231
,,,f,237
,,,u,230
,,9,28
,&,2
,,6,16
,,,T,133
,,D,20
,,:,15
,,,l,411
,,,k,130
,,,n,727
,,,S,117
,\,6
,,_,20
,,,d,268
,,,-,433
,,F,17
,,B,10
,<,5
,!,1
,,,s,778
,,,c,382
,,1,44
,,),12
,"""",5
,,,," ",7706
,,v,82
,,L,39
,,,y,129
,,E,33
,(,6
,?,5
,,,.,135
,,,i,797
,,,,e,1459
,,W,16
,,U,23
,=,6
,,,h,461
,,R,43
,,"",10
,j,6
,},3
,5,6
,4,4
,>,2
,G,3
,,7,14
,,H,77
,Q,4
,{,3
,,P,51
,,],13
,,0,10
